{
  "seed": 7,
  "grid": 418.0,
  "depot": [
    209.0,
    209.0
  ],
  "CAP": 200,
  "group_size": 6,
  "single_Q": 33.333333333333336,
  "energy": {
    "B_kWh": 2.0,
    "alpha": 62.07553466609557,
    "w_base": 30.0,
    "pd_ratio": 1.15
  },
  "y_mix": {
    "p1": 0.5,
    "p2": 0.3,
    "p3": 0.2
  },
  "layout": "scale/{LC1..LRC2}/*.txt"
}